day,date,weekday,cities,transport,morning,afternoon,evening,hotel,breakfast_status,lunch_status,dinner_status,highlights,optional_tours,page_link
Day 1,2026-11-15,日,大阪(関空) → 経由地 → ミラノ,国際線航空機（ペアシート確約）,関西国際空港 (KIX) 集合・出発手続き。新婚旅行の旅立ち！,国際線フライト（機内サービス・映画鑑賞など）,ミラノ・マルペンサ空港 (MXP) 到着。専用バスにてミラノ近郊ホテルへ移動・チェックイン,ミラノ近郊スーペリアクラスホテル（ダブルベッド確約）,機内食/各自,機内食,機内食/軽食,ハネムーン出発、国際線ペアシート、イタリア初上陸,なし,day1.html
Day 2,2026-11-16,月,ミラノ → ベローナ → ベネチア(メストレ),専用観光バス (約290km),ホテル発。ファッションと芸術の都・ミラノ半日市内観光（ドゥオーモ、ヴィットーリオ・エマヌエーレ2世のガッレリア、スカラ座、スフォルツェスコ城）。ルイーニのパンツェロッティ等で軽食,ロミオとジュリエットの舞台・ベローナへ移動（約160km）。ベローナ散策（ジュリエットの家、円形闘技場アレーナ、エルベ広場）,ベネチア・メストレへ移動（約130km）。【ツアー設定・歓迎ディナー】イタリア郷土料理の夕食後、ホテルチェックイン,ベネチア・メストレ地区スーペリアクラスホテル（ダブルベッド確約）,ホテル朝食（ツアー込 1/5）,各自自由食（ミラノ市内散策時）,レストラン夕食（ツアー込 1/1）,ミラノ・ドゥオーモ、ガッレリアの牛のモザイク、ジュリエットの右胸幸運祈願、アレーナ、ツアーディナー,なし,day2.html
Day 3,2026-11-17,火,ベネチア(本島・メストレ) → フィレンツェ,専用ボート ＆ 専用観光バス (約260km),専用ボートでベネチア本島へ。水の都ベネチア観光（サン・マルコ広場、サン・マルコ寺院、ドゥカーレ宮殿、ため息橋、リアルト橋、伝統ゴンドラ遊覧）,ベネチア本島にて自由行動（カフェ・フローリアン、バカロでのチケッティ巡り、ベネチアングラス・レースのお土産探し）,本島からボートで戻り、バスにてルネサンスの都・フィレンツェへ移動（アウトストラーダA13/A1経由）。ホテルチェックイン,フィレンツェ市内または近郊スーペリアクラスホテル（ダブルベッド確約）,ホテル朝食（ツアー込 2/5）,各自自由食（ベネチア本島バカロ/カフェ）,各自自由食（移動途中のサービスエリアまたはフィレンツェ）,サン・マルコ寺院の金モザイク、ロマンチックなゴンドラ遊覧、最古のカフェ・フローリアン、ため息橋での愛の誓い,ゴンドラ遊覧セレナーデ（ツアー組込または現地OP）,day3.html
Day 4,2026-11-18,水,フィレンツェ (終日観光 ＆ ピサOP),徒歩・市内バス（ピサ参加時は専用バス往復約170km）,花の都フィレンツェ徒歩観光（花の聖母マリア大聖堂ドゥオーモ、ジョットの鐘楼、シニョーリア広場、ポンテ・ヴェッキオ、ウフィツィ美術館外観）,"【選択1】フィレンツェ市内自由行動（ウフィツィ美術館入場、サンタ・マリア・ノヴェッラ薬局、中央市場、革製品ショッピング）
【選択2】オプショナルツアー：世界遺産ピサの斜塔＆奇跡の広場半日観光",フィレンツェ名物「ビステッカ・アッラ・フィオレンティーナ（Tボーンステーキ）」のディナー（トラットリア・ザザ等予約推奨）。ミケランジェロ広場からの夕景・夜景観賞,フィレンツェ市内または近郊スーペリアクラスホテル（連泊・ダブルベッド確約）,ホテル朝食（ツアー込 3/5）,各自自由食（中央市場パニーノ / トラットリア）,各自自由食（名物トスカーナ牛Tボーンステーキ）,クーポラの圧巻美、ヴェッキオ橋のジュエリー街、サンタ・マリア・ノヴェッラの世界最古薬局、ピサの斜塔トリック写真、夕暮れのミケランジェロ広場,世界遺産ピサの斜塔観光（午後発）,day4.html
Day 5,2026-11-19,木,フィレンツェ → サンジミニャーノ → ローマ,専用観光バス (約280km),トスカーナの美しい丘陵地帯を抜けて、美しい塔の街・世界遺産サンジミニャーノへ（約60km）。チステルナ広場散策、世界チャンピオンのジェラテリア・ドンドリ,【ツアー設定・本場ピッツァランチ】トスカーナのピッツェリアにて焼きたてピッツァをご賞味！昼食後、永遠の都ローマへ南下（約220km）,ローマ到着。ホテルチェックイン後、ローマ夜景散策（ナヴォーナ広場、パンテオン、トレビの泉）や本場カルボナーラ・アマトリチャーナのディナー,ローマ市内スーペリアクラスホテル（2連泊・ダブルベッド確約）,ホテル朝食（ツアー込 4/5）,ピッツェリア昼食（ツアー込 1/1）,各自自由食（ローマ市内トラットリア）,トスカーナの絶景、中世の塔の街サンジミニャーノ、世界一のジェラート、本場石窯ピッツァ、ライトアップされたトレビの泉,ローマ夜景イルミネーションツアー,day5.html
Day 6,2026-11-20,金,ローマ ＆ バチカン市国 (終日自由行動/市内観光),地下鉄(Metro A/B線)・徒歩・タクシー,世界最小の国家・バチカン市国訪問（サン・ピエトロ大聖堂、サン・ピエトロ広場、バチカン美術館・システィーナ礼拝堂「最後の審判」）,古代ローマの遺跡とバロック芸術巡り（コロッセオ、フォロ・ロマーノ、真実の口、パンテオン、スペイン広場）。音楽と合唱を愛するお二人のための教会巡り（サン・ルイジ・デイ・フランチェージ教会でカラヴァッジョ鑑賞、ジェズ教会・サンティニャツィオ教会の素晴らしい音響空間と天井画）,老舗ポンピのティラミス、カストローニでの上質なお土産探し。新婚旅行最後のイタリアンディナーを乾杯,ローマ市内スーペリアクラスホテル（連泊・ダブルベッド確約）,ホテル朝食（ツアー込 5/5）,各自自由食（バチカン周辺またはパンテオン周辺）,各自自由食（ローマ名物パスタ＆ワインでラストディナー）,サン・ピエトロ大聖堂のピエタ像、システィーナ礼拝堂の天井画、コロッセオの偉容、トレビの泉でコイン投げ（再訪祈願）、聖堂の荘厳なオルガンと音響空間,バチカン美術館優先入場ガイドツアー / ローマ市内半日ウォーキング,day6.html
Day 7,2026-11-21,土,ローマ → ローマ・フィウミチーノ空港 → (機中泊),専用バス ＆ 国際線航空機（ペアシート確約）,ホテルチェックアウト。専用バスにてローマ・フィウミチーノ空港（FCO / レオナルド・ダ・ヴィンチ空港）へ移動,免税手続き（Tax Refund）＆ 空港内免税店でお買い物。国際線搭乗・日本へ向けて出発,機中泊（機内食・思い出の写真の振り返りなど）,機中泊,ホテル朝食（早朝出発時はBOX朝食または軽食）,空港内または機内食,機内食,空港免税ショッピング（イタリアワイン、オリーブオイル、チョコレート）、機内ペアシートで旅のアルバム作り,なし,day7.html
Day 8,2026-11-22,日,経由地 → 大阪(関西国際空港),国際線航空機,経由地にて乗り継ぎ、関西国際空港 (KIX) へ,関西国際空港到着。税関・手荷物受取を済ませてツアー解散。お二人の素敵な新婚生活へ！,ご自宅（大阪・摂津）へ帰着。HIS特典のフォトプラスブック作成をスタート,ご自宅,機内食,機内食/空港,ご自宅,無事帰国、HISフォトブック作成クーポン活用、思い出のお土産開封,なし,day8.html
